"id","site","job_url","job_url_direct","title","company","location","date_posted","job_type","salary_source","interval","min_amount","max_amount","currency","is_remote","job_level","job_function","listing_type","emails","description","company_industry","company_url","company_logo","company_url_direct","company_addresses","company_num_employees","company_revenue","company_description","skills","experience_range","company_rating","company_reviews_count","vacancy_count","work_from_home_type"
"in-427e83efcc8e5a2f","indeed","https://www.indeed.com/viewjob?jk=427e83efcc8e5a2f","http://www.indeed.com/job/customer-service-representative-427e83efcc8e5a2f","Customer Service Representative","Bright & Clean Cleaners","Humble, TX, US","2025-11-01","parttime, fulltime","direct_data","hourly",10.0,11.0,"USD",False,"","","","","HIRING ASAP!!!Full/Part time/Temporary opportunity in Customer Service with Dry cleaning company!! Duties: Handling customer pickups and drop offs with a polite and welcoming demeanor as well as expedient service. Answering phone calls and remaining professional in the face of difficult situations with customers. Performing register work with accuracy and having the ability to maintain a balanced drawer.... Maintain a clean work area and perform outwork daily prior to leaving light laundry duties. Will perform opening and closing of store, depending upon scheduled shift. Must have reliable transportation Hard work, being a team player, and a successful probationary period are all necessary to succeed.

Separating, washing, and folding of all cleaners garments and linens.

· Must maintain high standards of linen cleanliness and laundry room maintenance.

· Responsible for assisting with linen inventory.

· Assist customers with linen exchanges and questions.

. Light laundry duties.

Job Type: Part\\-time

Salary: $10\\.00 to $11\\.50 /hour

Job Types: Full\\-time, Part\\-time

Pay: $10\\.00 \\- $11\\.50 per hour

Work Location: In person","","https://www.indeed.com/cmp/Bright-&-Clean-Cleaners","","","","","","","","","","","",""
"in-d78dfb936b614f8d","indeed","https://www.indeed.com/viewjob?jk=d78dfb936b614f8d","http://www.indeed.com/job/retail-customer-experience-associate-d78dfb936b614f8d","Retail Customer Experience Associate","Ben and Grace LLC","Kirkland, WA, US","2025-11-01","parttime, fulltime","direct_data","hourly",17.0,20.0,"USD",False,"","","","","The UPS Retail Customer Experience Associate delivers world\\-class customer service to all retail customers by receiving and processing packages for courier shipment and operating copiers, fax machines, binding equipment, laminating machines, and point\\-of\\-sale devices.

The Associate expertly advises our valued customers by providing accurate information on our array of products, services, and best\\-value options. Very fast\\-paced, customer obsessed environment. Professional, customer\\-facing, solution driven experience preferred.

The ideal candidate has previous retail and or customer service experience, is resourceful, reliable, presents a friendly, professional, and genuinely helpful demeanor at all times. Candidates must have the ability to learn quickly, have flexible availability to support retail hours, and be able to carry, lift, and transport boxes 40\\-50 lbs.

This position requires the availability to work at least three days Monday through Friday, and must be available to work weekends. Opportunities for additional hours available. Schedules are determined on a monthly basis. Position would be 30\\-40 hours/week.

References and previous employment verification information required.

Job Types: Full\\-time, Part\\-time

Pay: $17\\.00 \\- $20\\.00 per hour

Ability to Commute:

* Kirkland, WA 98033 (Required)

Ability to Relocate:

* Kirkland, WA 98033: Relocate before starting work (Required)

Work Location: In person","","https://www.indeed.com/cmp/Ben-and-Grace-LLC","","","","","","","","","","","",""
"in-79a884c39faf7a05","indeed","https://www.indeed.com/viewjob?jk=79a884c39faf7a05","http://www.indeed.com/job/customer-service-representative-79a884c39faf7a05","Customer Service Representative","orleansnative@hotmail.com","Marion, NC, US","2025-11-01","fulltime, contract","direct_data","hourly",19.0,24.0,"USD",False,"","","","","**Job Opportunity: Disaster Case Manager (Immediate Hire)**

**Location:** Marion, NC – Serving North Carolina Residents  
**Hours:** 8:00 AM – 6:00 PM (Weekends as needed)  
**Start Date:** November 17th

Elysian is currently seeking qualified, customer\\-focused professionals to assist North Carolina residents with their disaster relief applications. This is an impactful opportunity to make a real difference in people’s lives during difficult times.

As a **Disaster Case Manager**, you will serve as a liaison between applicants and support programs. You will guide individuals through the application process, answer questions, and provide solutions with compassion, accuracy, and efficiency.

**Key Responsibilities**

* Review and process disaster relief applications
* Complete applications on behalf of customers as needed
* Identify and assess customers’ needs to ensure satisfaction
* Build strong relationships through open, empathetic communication
* Provide accurate information about the relief program using appropriate tools and methods
* Handle and resolve customer concerns in a timely and professional manner
* Maintain detailed records of customer interactions and case progress
* Follow all communication protocols and internal procedures
* Go the extra mile to ensure positive outcomes for every customer

**Qualifications \\& Skills**

* Proven experience in customer support or as a client service representative
* Demonstrated ability to meet or exceed performance goals
* Strong communication skills, both written and verbal
* Excellent active listening and phone handling skills
* Empathy, patience, and professionalism in high\\-stress scenarios
* Ability to manage multiple priorities and tasks efficiently
* **High school diploma or GED required**
* **Valid driver’s license and reliable transportation required**
* Must be available to work weekends as needed

**How to Apply**

To be considered, please follow the link to complete a questionnaire:

https://forms.gle/nMzs6wE9VXRCwvAw6

**Why Join Elysian?**

* Make a meaningful impact by helping disaster\\-affected communities
* Be part of a supportive, mission\\-driven team
* Immediate openings with consistent full\\-time hours

Job Types: Full\\-time, Contract

Pay: $19\\.00 \\- $24\\.75 per hour

Benefits:

* Flexible schedule
* On\\-the\\-job training
* Paid time off

Education:

* High school or equivalent (Required)

Experience:

* Customer service: 1 year (Preferred)

Language:

* Spanish (Preferred)

Work Location: In person","","https://www.indeed.com/cmp/Orleansnative@hotmail.com","","http://elysianconsultingllc.com/","","","","","","","","","",""
"in-b23034c5bb6e50ae","indeed","https://www.indeed.com/viewjob?jk=b23034c5bb6e50ae","http://www.indeed.com/job/eligibilitycobra-customer-service-representative-b23034c5bb6e50ae","Eligibility/Cobra customer service representative","Interactive Medical Systems","Wake Forest, NC, US","2025-11-01","fulltime","","","","","",False,"","","","","Looking for someone with excellent customer service, attention to detail (for data entry), Office (Word and Excel) experience, and the ability to work is a fast paced environment. Staff are responsible for preparing, processing (data entry) and maintaining benefit enrollments, terminations and COBRA. The eligibility team responds to member and group questions by phone and email.

Job Type: Full\\-time

Expected hours: 40 per week

Benefits:

* 401(k)
* 401(k) matching
* Dental insurance
* Flexible spending account
* Health insurance
* Health savings account
* Life insurance
* Paid time off
* Vision insurance

Ability to Commute:

* Wake Forest, NC 27587 (Required)

Work Location: In person","","https://www.indeed.com/cmp/Interactive-Medical-Systems","","https://www.ims-tpa.com","Wake Forest, NC","11 to 50","$5M to $25M (USD)","","","","","","",""
"in-db2280e80a4d4ae3","indeed","https://www.indeed.com/viewjob?jk=db2280e80a4d4ae3","http://www.indeed.com/job/customer-service-representative-db2280e80a4d4ae3","Customer Service Representative","Aqua Chill Drinking Water","Antioch, IL, US","2025-11-01","fulltime","direct_data","hourly",16.0,20.0,"USD",False,"","","","","Positive, upbeat person only with good work ethic!!

Seeking a motivated, energetic person looking for a long term stable position.  
Qualifications would include someone who is able to:  
\\-Multitask, able to handle multiple projects at a time.  
\\-Must have extreme attention to detail  
\\-Able to type 30\\+ Wpm  
\\-Think outside the box, Problem Solver  
\\-Team Oriented  
\\-Working knowledge of Excel, Word \\& Outlook

Job Duties Include:

Follow up, quality assurance and emailing completed service tickets to customers.

Answering phone calls and troubleshooting service issues.

Responsible for preparing jobs for Independent Contractors.

Inputting service tickets into our data base.

This is an amazing entry level position with a rapidly rising drinking water company.

Hours: Full Time Monday \\- Friday 8 AM – 4:30 PM

Health/Dental/Vision Offered

Job Type: Full\\-time

Job Type: Full\\-time

Pay: $16\\.00 \\- $20\\.00 per hour

Benefits:

* Dental insurance
* Health insurance
* Vision insurance

Work Location: In person","Consumer Goods And Services","https://www.indeed.com/cmp/Aqua-Chill-Drinking-Water-1","","http://www.aquachill.com/","1320 S Priest Dr. #106
Tempe, AZ  85281","11 to 50","","","","","","","",""
"in-64b4a2ceeac7f47e","indeed","https://www.indeed.com/viewjob?jk=64b4a2ceeac7f47e","http://www.indeed.com/job/service-representative-64b4a2ceeac7f47e","Service Representative","Integrated Human Resources Inc","Peabody, MA, US","2025-11-01","fulltime","direct_data","hourly",22.0,25.0,"USD",False,"","","","","We are a small dynamic employee benefits administration office located on the Northshore looking for a Member Service Representative to join our close\\-knit team. The ideal candidate will be a hands\\-on team player with a positive attitude, strong work ethic, and commitment to excellence.

**Position Summary**

The Member Service Representative will provide broad operational and administrative support across the organization. This includes delivering exceptional member service and assisting with daily office functions such as answering phones, processing forms, managing mailings, entering data, drafting correspondence, and maintaining organized files.

**Primary Responsibilities**

* Answer inbound phone calls and provide courteous, accurate, and timely assistance regarding eligibility and benefit coverage
* Enter enrollment data into the Fund’s eligibility system
* Coordinate with dental and vision vendors to verify and update member eligibility information
* Communicate updates and resolutions clearly with members and vendors
* Identify and escalate issues that fall outside standard procedures or policies
* Perform general office support tasks including filing and other administrative duties as needed

**Position Qualifications**

* Minimum 3 years of experience in a customer service environment
* Experience working in a business network environment
* High school diploma or equivalent required; associate’s degree preferred
* Strong verbal and written communication skills
* Excellent organizational skills with attention to accuracy and detail
* Patient, professional, and empathetic when assisting members
* Ability to interact effectively and cooperatively with co\\-workers, members, and vendors
* Strong problem\\-solving skills and ability to make sound, policy\\-compliant decisions
* Ability to communicate with a diverse member base
* Proficient in Microsoft Word
* Commitment to supporting the organization’s overall strategy
* Willing to take on additional responsibilities with a positive attitude

We offer a competitive benefits package including health, dental and vision, 401(k), long\\-term disability and term life insurance. Qualified candidates, please submit resume with cover letter and references.

Job Type: Full\\-time

Pay: $22\\.00 \\- $25\\.00 per hour

Expected hours: 37\\.5 per week

Benefits:

* 401(k)
* 401(k) matching
* Dental insurance
* Health insurance
* Paid time off
* Vision insurance

Work Location: In person","","https://www.indeed.com/cmp/Integrated-Human-Resources-Inc","","","","","","","","","","","",""
"in-c4692fa16ae17472","indeed","https://www.indeed.com/viewjob?jk=c4692fa16ae17472","http://www.indeed.com/job/customer-experience-associate-pet-supplies-c4692fa16ae17472","Customer Experience Associate - Pet Supplies","Roo's Holistic Pet Supplies","Muncie, IN, US","2025-11-01","fulltime","direct_data","hourly",16.0,18.0,"USD",False,"","","","","Full\\-Time Sales Associate

Roo's Holistic Pet Supplies \\- Muncie, IN

About Us:

Roo's Holistic Pet Supplies is a growing, community\\-focused pet wellness retailer dedicated to providing the highest quality holistic pet products and education to our customers. Our Muncie location offers a welcoming environment where pet parents can find the best natural solutions for their furry family members.

Position Overview:

We're seeking a dedicated and pet\\-passionate Sales Associate to join our Shelbyville team. This role offers the perfect blend of customer service, pet care education, and retail operations management.

Schedule:

\\- Monday, Tuesday, Thursday, Friday, Saturday: 11 AM \\- 7 PM

\\- Sunday: Closed

\\- Wednesday: Closed

\\- Full\\-time position (35\\-40 hours per week)

Compensation:

\\- $16\\-$18 per hour, based on experience and training

\\- Paid Time Off

\\- Employee discounts

\\- Opportunity for growth in a expanding company

Key Responsibilities:

\\- Provide exceptional customer service and educated product recommendations. NO PRIOR KNOWLEDGE EXPECTED. We provide training.

\\- Operate point\\-of\\-sale system and process transactions

\\- Manage store operations independently during scheduled shifts

\\- Maintain store organization, cleanliness, and product displays

\\- Handle inventory management, including:

\\* Receiving and stocking merchandise

\\* Tracking expiration dates

\\* Managing inventory counts

\\* Updating product information in spreadsheets

\\- Assist customers with product selection and pet nutrition guidance

\\- Participate in ongoing product education and training

Required Qualifications:

\\- Physical ability to lift and move pet food bags and supplies (up to 40 lbs)

\\- Strong attention to detail and organizational skills

\\- Proficiency with computers and spreadsheet applications

\\- Excellent communication and customer service skills

\\- Ability to work independently and make sound decisions

\\- Reliable transportation and consistent attendance record

Ideal Candidate Will Have:

\\- Genuine interest in pet health and nutrition

\\- Previous retail or customer service experience

\\- Eagerness to learn about holistic pet care

\\- Professional approach to work

\\- Demonstrated reliability and responsibility

\\- Strong problem\\-solving abilities

\\- Proven track record of dependability

\\- Empathetic and customer\\-focused mindset

What We Offer:

\\- Consistent weekly schedule

\\- Supportive, positive work environment

\\- Opportunity to help pets and their owners live healthier lives

\\- Professional development and product knowledge training

\\- Being part of a growing, community\\-focused business

Equal Opportunity Employer

Job Type: Full\\-time

Pay: $16\\.00 \\- $18\\.00 per hour

Benefits:

* Paid time off

Work Location: In person","","https://www.indeed.com/cmp/Roo's-Holistic-Pet-Supplies","","","","","","","","","","","",""
"in-0a11ac18ce4457a8","indeed","https://www.indeed.com/viewjob?jk=0a11ac18ce4457a8","http://www.indeed.com/job/verizon-salescustomer-service-representative-0a11ac18ce4457a8","Verizon Sales/Customer Service Representative","miami 5g inc","Miami, FL, US","2025-11-01","fulltime","","weekly","","","USD",False,"","","","","**Miami 5G**

We are now hiring for Verizon Sales/Customer Service Representative.  
We are a sales company that focuses on 5G Cellular connectivity.

You will be applying for the Sales/Customer Representative Position within our Telecom department.

In the Sales/Customer Representative Position you will follow up with customers and pre\\-qualified leads, acquire new cell phone/internet accounts and assist with the activation process.

If hired, the first week you will be working alongside one of the team leaders.

Monday to Friday 2pm to 9pm and Saturday 10am to 3pm (optional).

Once the first week is completed, you will be able to choose to transition into:

A) **5 days schedule**:

Full time Sales/Customer Representative position. Where you will be in charge of managing your allocated daily customer list and report to the office once a day.

There are 2 types of shifts to choose from in this position.

Either 3pm to 9pm or 10am to 4pm

Monday through Friday.

(We can accommodate for different hours, simply speak to one of the managers)

Or

B) **6 days schedule**:

Sales/Customer Representative position. Where you will be in charge of managing your allocated daily customer list and report to the office once a day.

Either 4pm to 9pm or 10am to 3pm

Monday through Saturday.

(We can accommodate for different hours, simply speak to one of the managers)

This is NOT a call center environment.

Job Type: Full\\-time

Pay: Up to $1,500\\.00 per week

Language:

* another language (Required)

Work Location: In person","","https://www.indeed.com/cmp/Miami-5g-Inc","","","","","","","","","","","",""
"in-26f0a69af146c258","indeed","https://www.indeed.com/viewjob?jk=26f0a69af146c258","http://www.indeed.com/job/customer-service-and-sales-representative-26f0a69af146c258","Customer Service and Sales Representative","Direct DC Co.","Hialeah, FL, US","2025-11-01","parttime, fulltime","","weekly","","","USD",False,"","","","","Customer Service and Sales Representative  
Direct DC CO. is looking to fill a Customer Service and Sales Representative position involving direct to consumer internet sales. Customer Service and Sales Representative must enjoy working directly with people, working in teams, and working in a high\\-energy environment.

Customer Service and Sales Representative **Job Details:**

* Attend customers at their homes and answer incoming customer inquiries abut internet services
* Work with management and continuously stay educated on energy and internet services provided
* Record customer information within our customer service database while following company policies
* Engage with clients in a friendly and professional manner and provide the best customer service
* Offer support and solutions to customers in accordance with the company's customer service policies
* Actively ask upper management questions and go above and beyond

Customer Service and Sales Representative Excellent sales and customer service skills are required to do this job.

Having a good attitude and smile will go a long way.

People with previous military, restaurant and retail experience are welcome to apply.

This Customer Service and Sales Representative position is Full Time

Hours: Monday\\-Friday, some weekends

Job Type: Full\\-time

Pay: Up to $1800 per week

Job Types: Full\\-time, Part\\-time

Pay: Up to $1,800\\.00 per week

Language:

* another language (Required)

Work Location: In person","","https://www.indeed.com/cmp/Direct-Dc-Co.","","","","","","","","","","","",""
"in-cb457d7b0d73b17e","indeed","https://www.indeed.com/viewjob?jk=cb457d7b0d73b17e","http://www.indeed.com/job/customer-service-specialist-cb457d7b0d73b17e","Customer Service Specialist","EIG","Wichita, KS, US","2025-11-01","fulltime","direct_data","hourly",17.0,20.0,"USD",False,"","","","","**Insurance CSR Specialist – Join Our Growing Team!**

We're looking for a bilingual **Customer Service Specialist** to join our fast\\-growing insurance office. If you’re looking for a career where every day is dynamic, your work is appreciated, and your team feels like family, this is the place for you! We work hard, have fun, and celebrate success together—all while helping clients protect what matters most. In this role, you'll handle phone inquiries, process payments, assist with claims, maintain client relationships, and support sales efforts.

**Applicants must be able to take customer service calls in Spanish.**

**Salary:** $17\\-$20/hour (Based on experience) plus commission

**Location:** In\\-person, Wichita, KS

**Hours:** Full\\-time, Monday \\- Friday (Flexible: 8 AM\\-5 PM or 9 AM\\-6 PM)

**What You’ll Do**

* Assist customers with policy changes, payments, and claims
* Create COIs (Certificates of Insurance
* Provide outstanding customer service and follow\\-ups
* Schedule appointments and support sales efforts
* Maintain strong client relationships and retention
* Present insurance options based on client needs

**What We’re Looking For**

* **Kansas Property \\& Casualty License** (Preferred)
* **Commercial insurance** experience(Preferred)
* Strong communication and customer service skills
* Positive, self\\-motivated, and detail\\-oriented
* Ability to multi\\-task in a fast\\-paced environment
* Spanish\\-speaking is a plus

**Perks \\& Benefits**

* 401(k) with matching
* Dental and vision insurance
* Health insurance
* Paid time off

Ready to take the next step in your insurance career? **Apply today!**

Job Type: Full\\-time

Pay: $17\\.00 \\- $20\\.00 per hour

Benefits:

* 401(k)
* 401(k) matching
* Dental insurance
* Flexible schedule
* Health insurance
* Paid time off
* Vision insurance

Work Location: In person","Insurance","https://www.indeed.com/cmp/Eig-7","","http://eddysindependentgroup.com/","","51 to 200","","EIG offers all types of insurance coverage to our clients. Expanding operations as organic growth has required of us to service our clients needs. Continuously learning additional ways to serve.","","","","","",""
"in-65d351f618a27a39","indeed","https://www.indeed.com/viewjob?jk=65d351f618a27a39","http://www.indeed.com/job/customer-service-associate-65d351f618a27a39","Customer Service Associate","Miami Handyman","Miami, FL, US","2025-11-01","fulltime","","hourly","","","USD",False,"","","","","**Overview**  
We are seeking a dedicated and enthusiastic Customer Service Representative to join our team. In this role, you will be the first point of contact for our customers, providing exceptional service and support. You will be responsible for addressing customer inquiries, assisting with product information, and ensuring a positive shopping experience. The ideal candidate will possess strong communication skills and a passion for helping others.

**Responsibilities**

* Engage with customers in a friendly and professional manner, ensuring their needs are met.
* Handle customer inquiries via phone, email, and in\\-person interactions.
* Assist customers with product selection and provide detailed information about features and benefits.
* Process transactions accurately using POS systems while maintaining an organized checkout area.
* Upsell products based on customer needs and preferences to enhance their shopping experience.
* Maintain stock levels on the sales floor, ensuring products are well\\-displayed and easily accessible.
* Conduct product demos to educate customers about new items or promotions.
* Supervise junior staff members during peak hours to ensure efficient service delivery.
* Resolve customer complaints effectively and professionally, striving for customer satisfaction.

**Qualifications**

* Previous experience in retail sales or customer service is preferred.
* Strong communication skills with the ability to engage effectively with diverse customers.
* Familiarity with grocery store operations is a plus.
* Experience with POS systems is highly desirable.
* Ability to upsell products while maintaining a positive customer experience.
* Excellent phone etiquette and interpersonal skills.
* Strong organizational skills with attention to detail in stocking and merchandising products.
* Ability to work collaboratively within a team environment.

Join us in delivering outstanding service and creating memorable experiences for our customers!

Job Type: Full\\-time

Pay: Up to $23\\.56 per hour

Language:

* another language (Required)

Work Location: In person","","https://www.indeed.com/cmp/Miami-Handyman","","","","","","","","","","","",""
"in-6ad3da86a03a44e0","indeed","https://www.indeed.com/viewjob?jk=6ad3da86a03a44e0","http://www.indeed.com/job/customer-service-associate-6ad3da86a03a44e0","Customer Service Associate","Sanibel Carts","Sanibel, FL, US","2025-11-01","parttime","direct_data","hourly",20.0,22.0,"USD",True,"","","","","We are a five\\-year\\-old company that rents and delivers street\\-legal golf carts \\-\\- and soon, electric bicycles \\-\\- to customers on Sanibel \\& Captiva Islands.

We are looking for an experienced manager of customer relations for Sundays \\& Mondays. Regular travel to Sanibel required. Responsibilities include:

* Courteously and proactively answer prospective customers’ incoming reservation and information requests by telephone, text, and email; check availability of golf carts for dates requested; book reservation into reservation system..
* Collect customer information; complete rental agreement; collect payment; schedule delivery of golf carts.
* Address and resolve customer complaints in a courteous manner.
* Collect and input customer data into CRM and email.
* Update and maintain social media presence.

Job Type: Part\\-time

Pay: $20\\.00\\-$22\\.00 per hour, depending on experience

Schedule:

* 8\\-hour shift, 9AM to 5PM, Sundays and Mondays

Key Qualities of the Successful Candidate:

* Friendly and professional demeanor toward customers
* Dependable and punctual
* Thorough and meticulous attention to detail
* Able to communicate and get along with all types of people
* Self\\-directed and capable of managing responsibilities and projects
* Honest and trustworthy

Work Remotely

* No

Job Type: Part\\-time

Pay: $20\\.00 \\- $22\\.00 per hour

Education:

* High school or equivalent (Preferred)

Experience:

* Customer Service: 2 years (Required)

Work Location: In person","","https://www.indeed.com/cmp/Sanibel-Carts","","","","","","","","","","","",""
"in-3c3c6cf1d64e7989","indeed","https://www.indeed.com/viewjob?jk=3c3c6cf1d64e7989","http://www.indeed.com/job/customer-servicesales-associate-3c3c6cf1d64e7989","Customer Service/Sales Associate","The Spring Movers","Ontario, CA, US","2025-11-01","fulltime","","weekly","","","USD",False,"","","","","The Spring Movers is looking for a Customer Service/Sales Associate to help with our growing company by gaining more clients and accounts.

Customer Service/Sales Associate Must feel comfortable speaking with clients and customers face to face.

We are looking for someone who has good communications skills, written and oral. Must have previous Direct Sales and CSR Customer Service Representative experience.

You will be visiting preset leads for customer who qualify for our services.

Your job will be to answer all questions and set the customer up with an installation date. Customer Service/Sales Associate

Hours: Full Time, weekend work might apply

Pay: up to $1500/ week.

Job Type: Full\\-time

Pay: Up to $1,500\\.00 per week

Language:

* another language (Required)

Work Location: In person","","https://www.indeed.com/cmp/The-Spring-Movers","","","","","","","","","","","",""
"in-4ff351f18cb6f292","indeed","https://www.indeed.com/viewjob?jk=4ff351f18cb6f292","http://www.indeed.com/job/customer-servicesales-representative-4ff351f18cb6f292","Customer Service/Sales Representative","Steam Capital DC","N Miami Beach, FL, US","2025-11-01","fulltime","","weekly","","","USD",False,"","","","","Customer Service /Sales Representative

We seek to hire a qualified Customer Service /Sales Representative to become an integral part of our sales company. Primary roles are responding to customers' inquiries, conducting sales transactions, and explaining products or services. We work with clients directly; therefore, the Customer Service /Sales Representative will be expected to maintain quality standards and hold a high level of customer service towards our clients and their customers.

In this role, you will efficiently communicate the benefits and features of our services to customers. Thus, you will receive comprehensive training on the sales process, brand management, direct marketing sales strategies, and how to educate and engage consumers on client’s products while identifying customers’ needs.

Customer Service /Sales Representative Requirements:

* 1\\-2 years of sales, marketing, canvassing or customer service experience is preferred
* Ability to learn and apply general knowledge of the company, products, and services
* Ability to think on your feet and to problem solve effectively
* Ability to work independently under general supervision and collaboratively as part of a team
* Exceptional customer service and communication skills
* Ability to apply constructive feedback
* Must love working with people and be comfortable in a customer\\-facing environment

Customer Service /Sales Representative Benefits:

Better development of interpersonal skills

* Professional development
* Bonuses, incentives, and competitive compensation
* Hands\\-on training

Job Type: Full\\-time

Pay: Up to $1,250\\.00 per week

Language:

* another language (Required)

Work Location: In person","","https://www.indeed.com/cmp/Steam-Capital-Dc","","","","","","","","","","","",""
"in-33f7e156e2054bad","indeed","https://www.indeed.com/viewjob?jk=33f7e156e2054bad","http://www.indeed.com/job/sales-representativecustomer-service-33f7e156e2054bad","Sales Representative/Customer Service","miami five gallons water","Opa-locka, FL, US","2025-11-01","parttime, fulltime","","weekly","","","USD",False,"","","","","**Miami Five Gallons Water** is looking for Sales Representative/Customer Service to join our team.

There are two shifts to chose from

Morning Shift: 9am to 2pm

Evening Shift: 4pm to 9pm

**POSITION SUMMARY**

Whenever a new distribution center its opened in at a zip code, Sales Representative/Customer Service will be tasked with creating brand and product awareness with the community as well as engage with all residents and convert them into customers.

The objective is to create new water delivery monthly subscriptions.

Duties will include reaching out to potential clients via face to face. Additionally, these Sales Representative/Customer Service will be tasked with canvassing the surrounding neighborhood and speaking with potential customers via door\\-knocking. Previous experience working within a sales environment is highly preferred. Being passionate about access to clean water is a must!

**ABOUT Miami Five Gallons Water**

We facilitate the sale of water delivery monthly subscriptions and water systems to help families and homeowners across the country gain access to truly pure water. We are looking for growth\\-oriented individuals who are looking to help us dominate multiple new markets. Our core values are the backbone of our business and guide our hiring process: we value excellence, passion, and community.

**OBJECTIVES**

* Maximize sales opportunities by meeting in\\-person with potential customers (door\\-to\\-door in the community)
* Represent **Miami Five Gallons Water** professionally by increasing brand awareness and becoming an expert in our industry.
* Ensure a positive and high\\-quality customer experience throughout all interactions.
* Meet or exceed individual and team sales goals.
* Meet monthly/quarterly sales targets
* Be a contributing member of the team in revenue, culture, and brand image.
* Attend and participate in internal meetings and complete required training.
* Performs other related duties as assigned by management.

**COMPETENCIES**

* Experience utilizing Microsoft Excel is preferred.
* One to three years of door\\-knocking experience related to sales is preferred.
* Ability to identify and resolve problems in a timely manner; gather and analyze information skillfully; develop alternative solutions; work well in group problem\\-solving situations.
* Adaptable to changes in the work environment; manage competing demands; changes approach or method to best fit the situation; able to deal with frequent change, delays, or unexpected events.
* Inspire the trust of others; work with integrity and ethically; uphold organizational values.
* Displays willingness to make decisions; exhibits sound and accurate judgment; support and explain reasoning for decisions.
* Demonstrates persistence and overcomes obstacles, measure self against standard of excellence.
* Passionate about access to clean water is a must.

**EDUCATION AND EXPERIENCE**

* GED or High School diploma preferred.
* Some experience working within a sales environment is a must.

**PHYSICAL REQUIREMENTS**

* Must have a valid driver’s license and a reliable vehicle
* Comfortable with prolonged periods of standing (door\\-to\\-door knocking)

Job Types: Full\\-time, Part\\-time

Pay: Up to $1,600\\.00 per week

Benefits:

* Flexible schedule

Language:

* another language (Preferred)

Work Location: In person","","https://www.indeed.com/cmp/Miami-Five-Gallons-Water","","","","","","","","","","","",""
"in-9dea9abb2843d49c","indeed","https://www.indeed.com/viewjob?jk=9dea9abb2843d49c","http://www.indeed.com/job/sales-customer-service-representative-9dea9abb2843d49c","Sales & Customer Service Representative","Fairfax Telecom","Ontario, CA, US","2025-11-01","fulltime","","weekly","","","USD",False,"","","","","**Customer Service Sales Representative**

Rapidly growing, innovative business consulting firm on a mission to revolutionize customer's internet sign up process. We provide an unmatched experience for all of our consumers, thanks to our remarkable **Customer Service Sales Representative** team. We are a business that focuses on new customer acquisition for our 5G internet clients.

**We Are Looking For A Customer Service Sales Representative Who Is:**

* **Reliable**: 100% integrity, responsible, and winning attitude
* **Consumer\\-centric**: Enjoys face to face with others and making someone’s day
* **Versatile/flexible**: Ability to roll with the punches, think swiftly on your feet, be solution oriented and close sales is needed
* **Achievement\\-oriented**: Thrives on taking challenges head\\-on to accomplish set sales and growth goals
* **Autonomous/Independent**: Works exceptionally well with minimal direction
* **Innovative**: Creative with the ability to think outside the box

**Customer Service Sales Representative work schedule:**

* **Weekdays:** M\\-F 2:00pm\\-8:00pm or 3:00pm\\-9:00pm

**As A Customer Service Sales Representative You Will:**

* Maintain a positive and cheerful attitude when working with customers face to face
* Handling all questions and inquiries of 5G internet sign up process
* Ensure accurate entry of customer contact information
* Exceed targets and sales goals by up\\-selling and promoting new products and/or services
* Resolving customer issues in a friendly, helpful way
* Assist the team in acquiring and retaining new customers
* Maintain comprehensive knowledge of our clients or sales promotions by attending client meetings as well as stay up to date on competitor trends

**Customer Service Sales Representatives** **will work in an entity that is:**

* **Growth\\-oriented**: We are competitive and want to see infinite growth for our team members
* **Performance\\-oriented**: We want to see all of our Customer Service Representative and Sales Associates achieve their highest potential
* **People\\-oriented**: We are supportive, family\\-oriented, and fairness\\-focused
* **Team\\-oriented**: We are an upbeat, inclusive, and collaborative environment

Job Type: Full\\-time

Pay: Up to $1,560\\.00 per week

Language:

* another language (Required)

Work Location: In person","","https://www.indeed.com/cmp/Fairfax-Telecom","","","","","","","","","","","",""
"in-a97b2ef1a46564e5","indeed","https://www.indeed.com/viewjob?jk=a97b2ef1a46564e5","http://www.indeed.com/job/customer-servicesales-associate-a97b2ef1a46564e5","Customer Service/Sales Associate","Platinum Home & Auto Glass","Redding, CA, US","2025-11-01","fulltime","direct_data","hourly",18.0,21.0,"USD",False,"","","","","Duties include:

Heavy phones, multiple phone lines

Greet customers check in/check out

Basic administrative duties

Giving quotes/estimates, ability to explain services and/or options as needed

Ordering parts, assisting with maintaining inventory, and processing returns

Invoicing (knowledge of quickbooks) as needed

Scheduling/rescheduling appointments for in shop and mobile jobs as needed

Maintaining daily schedule in real time using Microsoft Outlook Calendar

Occasionally shuttle customers using company vehicle within Redding city limits

Following up with customers after completion of job

Cross training with other departments

Other duties as specified

Requirements:

Valid CA drivers license

40 hours per week M\\-F, 8\\-5

Excellent customer service skills

Exceptional attention to detail, organized with ability to adapt/prioritize

Contributes to a positive, respectful, and high performing team environment

Dependable and punctual

Excellent communication, both verbal and written

Knowledge of auto makes/models a plus

Pay is based on experience 18\\.00\\-21\\.00

Please forward resume along with at least 2 references.

Job Type: Full\\-time

Pay: $18\\.00 \\- $21\\.00 per hour

Work Location: In person","","https://www.indeed.com/cmp/Platinum-Home-&-Auto-Glass-1","","","","","","","","","","","",""
"in-8e3d35432e8f527d","indeed","https://www.indeed.com/viewjob?jk=8e3d35432e8f527d","http://www.indeed.com/job/phone-coordinator-telecommunications-8e3d35432e8f527d","Phone Coordinator/ Telecommunications","New York Cardiology Associates","New York, NY, US","2025-11-01","fulltime","","hourly","","","USD",False,"","","","","Our busy cardiology office is seeking an experienced Appointment \\& Phone Coordinator to join our team. the ideal candidate is professional, dependable, and has excellent communication and multitasking skills. Responsibilities answer and manage patient calls \\& appt scheduling. Act as a liaison between doctor and patient. Handle RX requests. Previous medical office experience (cardiology preferred), knowledge of EMR systems, strong communication \\& organizational skills, Mature, team oriented, and able to work independently with discretion. Competitive salary (based on experience), benefits offered.

Job Type: Full\\-time

Pay: From $24\\.00 per hour

Benefits:

* 401(k)
* Dental insurance
* Health insurance
* Paid time off

Work Location: In person","Health Care","https://www.indeed.com/cmp/New-York-Cardiology-Associates-1","","","","","","","","","","","",""
"in-fb4c3522ba16914d","indeed","https://www.indeed.com/viewjob?jk=fb4c3522ba16914d","http://www.indeed.com/job/inbound-call-center-agent-fb4c3522ba16914d","Inbound Call Center Agent","DTC Communications","Keller, TX, US","2025-11-01","fulltime","direct_data","hourly",12.0,15.0,"USD",True,"","","","","**Overview**  
We are seeking a dedicated and enthusiastic Inbound Call Center Representative to join our dynamic team. This role is essential in providing exceptional customer support and ensuring a positive experience for our clients. The ideal candidate will possess strong communication skills, a customer\\-centric mindset, and the ability to handle inquiries efficiently and professionally.

**Duties**

* Respond promptly to incoming customer calls, addressing their inquiries and concerns with professionalism and courtesy.
* Provide accurate information regarding products, services, and policies to assist customers effectively.
* Utilize problem\\-solving skills to analyze customer issues and provide appropriate solutions.
* Maintain detailed records of customer interactions in the system for future reference.
* Collaborate with team members to enhance client services and improve overall customer satisfaction.
* Uphold high standards of phone etiquette while managing call volume efficiently.
* Support multilingual clients by assisting in their preferred language when applicable.

**Skills**

* or multilingual abilities are highly desirable to cater to a diverse clientele.
* Proven experience in customer service or call center environments is preferred.
* Strong analytical skills to assess situations and provide effective solutions.
* Excellent communication skills, verbal with an emphasis on clarity and professionalism.
* Familiarity with phone etiquette and best practices in client interactions.
* Ability to work well under pressure while maintaining a positive attitude.
* A commitment to delivering outstanding customer support and enhancing client relationships.
* Join our team as an Inbound Call Center Representative and contribute to creating exceptional experiences for our customers!
* MUST LIVE IN THE KELLER \\- Fort Worth AREA.

Job Type: Full\\-time

Pay: $12\\.00 \\- $15\\.00 per hour

Benefits:

* Flexible schedule

Location:

* Keller, TX 76248 (Preferred)

Work Location: Hybrid remote in Keller, TX 76248","","https://www.indeed.com/cmp/Dtc-Communications","","","","","","","","","","","",""
"in-4e2c1d66376226b2","indeed","https://www.indeed.com/viewjob?jk=4e2c1d66376226b2","http://www.indeed.com/job/customer-representative-4e2c1d66376226b2","Customer Representative","UPS","Lincroft, NJ, US","2025-11-01","parttime","direct_data","hourly",15.0,16.0,"USD",False,"","","","","The Center Associate is responsible to deliver world\\-class customer service to all retail customers. He/She receives and processes packages for courier shipment, operates copiers, fax machines, binding equipment, laminating machines, and point\\-of\\-sale devices. The Associate expertly advises our valued customers by providing accurate information on our array of products, services, and best\\-value options. The Associate exhibits confidence by knowing best practices as related to the industry. The ideal Center Associate candidate will have retail sales experience, strong computer and internet skills, a high school diploma/GED, a friendly and genuinely helpful demeanor, a professional appearance, and will be a fast learner who makes an effort to learn all aspects of the business in the shortest possible time.  
The following is a representative list of the duties and responsibilities associated with this position:  
\\-\\- Deliver outstanding customer service to walk\\-in customers and telephone inquiries  
\\-\\- Continuously practice good listening skills with customers and UPS Store team members, and leadership  
\\-\\- Take ownership of the customer's shipping problem and offer viable solutions  
\\-\\- Take action to learn all product and service offerings, alternative solutions, and industry trends  
\\-\\- Operate all equipment, software, and devices in an expert fashion and be willing to teach others  
\\-\\- Maintain a clean and safe working environment

Job Type: Part\\-time

Pay: $15\\.50 \\- $16\\.50 per hour

Benefits:

* Paid time off

Ability to Commute:

* Lincroft, NJ 07738 (Preferred)

Work Location: In person","","https://www.indeed.com/cmp/UPS","https://d2q79iu7y748jz.cloudfront.net/s/_squarelogo/256x256/93754eac1fb08c35bb7bf999072bee62","https://www.jobs-ups.com","Atlanta, GA","10,000+","more than $10B (USD)","","","","","","",""
"li-4331771529","linkedin","https://www.linkedin.com/jobs/view/4331771529","","Customer Support Associate","Fanatics","","2025-11-01","","","","","","",False,"","","","","","","https://www.linkedin.com/company/fanatics-inc-","","","","","","","","","","","",""
"li-4333253325","linkedin","https://www.linkedin.com/jobs/view/4333253325","","Administrative Assistant, Talent","Netflix","Los Angeles, CA","2025-10-31","","","","","","",False,"","","","","","","https://www.linkedin.com/company/netflix","","","","","","","","","","","",""
"li-4331758278","linkedin","https://www.linkedin.com/jobs/view/4331758278","","Customer Service Manager, Control Center","American Airlines","New York, NY","2025-10-31","","","","","","",False,"","","","","","","https://www.linkedin.com/company/american-airlines","","","","","","","","","","","",""
"li-4333278763","linkedin","https://www.linkedin.com/jobs/view/4333278763","","Customer Success Associate","Ontra","","2025-10-31","","","","","","",False,"","","","","","","https://www.linkedin.com/company/ontra-ai","","","","","","","","","","","",""
"li-4301015336","linkedin","https://www.linkedin.com/jobs/view/4301015336","","Customer Support Specialist","Medallion","","2025-10-31","","","","","","",False,"","","","","","","https://www.linkedin.com/company/medallion-credentials","","","","","","","","","","","",""
"li-4333237435","linkedin","https://www.linkedin.com/jobs/view/4333237435","","Director, Global Customer Care","First Advantage","","2025-10-31","","","","","","",False,"","","","","","","https://www.linkedin.com/company/first-advantage","","","","","","","","","","","",""
"li-4333377471","linkedin","https://www.linkedin.com/jobs/view/4333377471","","Customer Experience Guide - Seasonal","Patagonia","Santa Monica, CA","2025-10-31","","","","","","",False,"","","","","","","https://www.linkedin.com/company/patagonia_2","","","","","","","","","","","",""
"li-4320271741","linkedin","https://www.linkedin.com/jobs/view/4320271741","","Customer Success / Call Center Representative (Home Services)","Sorted Search Group","","2025-10-31","","","","","","",False,"","","","","","","https://www.linkedin.com/company/sortedsearchgroup","","","","","","","","","","","",""
"li-4333318436","linkedin","https://www.linkedin.com/jobs/view/4333318436","","Customer Support Specialist, Tier 3","HoneyBook","San Francisco, CA","2025-10-31","","","","","","",False,"","","","","","","https://www.linkedin.com/company/honeybook","","","","","","","","","","","",""
"li-4320290927","linkedin","https://www.linkedin.com/jobs/view/4320290927","","Customer Experience Representative","Milan Laser Hair Removal","","2025-10-31","","","","","","",False,"","","","","","","https://www.linkedin.com/company/milan-laser-hair-removal","","","","","","","","","","","",""
"li-4333283568","linkedin","https://www.linkedin.com/jobs/view/4333283568","","Customer Care Analyst","Lensa","","2025-10-31","","","","","","",False,"","","","","","","https://www.linkedin.com/company/lensa","","","","","","","","","","","",""
"li-4319975898","linkedin","https://www.linkedin.com/jobs/view/4319975898","","Customer Support Assistant","Lumina Agency Inc","Washington, DC","2025-10-31","","","","","","",False,"","","","","","","https://www.linkedin.com/company/the-lumina-agency-inc","","","","","","","","","","","",""
"li-4333245587","linkedin","https://www.linkedin.com/jobs/view/4333245587","","Customer Service Advisor","bet365","Denver, CO","2025-10-31","","","","","","",False,"","","","","","","https://uk.linkedin.com/company/bet365","","","","","","","","","","","",""
"li-4320271739","linkedin","https://www.linkedin.com/jobs/view/4320271739","","Director of Customer Success","Xenon arc","","2025-10-31","","","","","","",False,"","","","","","","https://www.linkedin.com/company/xenon-arc","","","","","","","","","","","",""
"li-4333269221","linkedin","https://www.linkedin.com/jobs/view/4333269221","","Customer Success Manager","Freshworks","Bellevue, WA","2025-10-31","","","","","","",False,"","","","","","","https://www.linkedin.com/company/freshworks-inc","","","","","","","","","","","",""
"li-4331761204","linkedin","https://www.linkedin.com/jobs/view/4331761204","","Customer Service Manager, Lost Time - Airport Customer Experience Administration","American Airlines","Charlotte, NC","2025-10-31","","","","","","",False,"","","","","","","https://www.linkedin.com/company/american-airlines","","","","","","","","","","","",""
"li-4333204729","linkedin","https://www.linkedin.com/jobs/view/4333204729","","Customer Service Advisor Remote","Varley","New York, United States","2025-10-31","","","","","","",True,"","","","","","","https://uk.linkedin.com/company/varley","","","","","","","","","","","",""
"li-4333396522","linkedin","https://www.linkedin.com/jobs/view/4333396522","","Executive Assistant - Amex Ventures","American Express","New York, NY","2025-10-31","","","","","","",False,"","","","","","","https://www.linkedin.com/company/american-express","","","","","","","","","","","",""
"li-4333474100","linkedin","https://www.linkedin.com/jobs/view/4333474100","","Remote -Customer Service Representative","Lensa","","","","","","","","",True,"","","","","","","https://www.linkedin.com/company/lensa","","","","","","","","","","","",""
"li-4333444448","linkedin","https://www.linkedin.com/jobs/view/4333444448","","Customer Service Representative - $22/hr","Lensa","Corona, CA","","","","","","","",False,"","","","","","","https://www.linkedin.com/company/lensa","","","","","","","","","","","",""
